game_id,draw_id,machine_id,ball_set_id,venue_id,source_record_id,draw_local_datetime,timezone,draw_datetime_utc,city,country,latitude,longitude,temperature_c,main_numbers,bonus_numbers,weather_observed_at,weather_match_difference,record_status,source_confidence,retrieved_at,schema_version,time_basis,location_confidence
2,THUNDERBALL-3963,Excalibur4,T4,2,https://www.national-lottery.co.uk/results/thunderball/draw-details?drawNo=3963,2026-08-26T20:00:00+01:00,Europe/London,2026-08-26T19:00:00+00:00,London,GB,51.5074,-0.1278,23,"7, 22, 26, 33, 37",7,2026-08-26T19:00,0,verified,Open-Meteo,9/14/2026 9:49,v1.0.0,scheduled_time,verified_venue
2,THUNDERBALL-3962,Excalibur4,T4,2,https://www.national-lottery.co.uk/results/thunderball/draw-details?drawNo=3962,2026-08-25T20:00:00+01:00,Europe/London,2026-08-25T19:00:00+00:00,London,GB,51.5074,-0.1278,21.4,"6, 8, 9, 27, 31",13,2026-08-25T19:00,0,verified,Open-Meteo,9/14/2026 9:49,v1.0.0,scheduled_time,verified_venue
2,THUNDERBALL-3961,Excalibur4,T3,2,https://www.national-lottery.co.uk/results/thunderball/draw-details?drawNo=3961,2026-08-22T20:00:00+01:00,Europe/London,2026-08-22T19:00:00+00:00,London,GB,51.5074,-0.1278,19.5,"2, 13, 18, 28, 31",2,2026-08-22T19:00,0,verified,Open-Meteo,9/14/2026 9:49,v1.0.0,scheduled_time,verified_venue
2,THUNDERBALL-3960,Excalibur4,T3,2,https://www.national-lottery.co.uk/results/thunderball/draw-details?drawNo=3960,2026-08-21T20:00:00+01:00,Europe/London,2026-08-21T19:00:00+00:00,London,GB,51.5074,-0.1278,17.6,"8, 9, 16, 37, 38",6,2026-08-21T19:00,0,verified,Open-Meteo,9/14/2026 9:49,v1.0.0,scheduled_time,verified_venue
2,THUNDERBALL-3959,Excalibur4,T3,2,https://www.national-lottery.co.uk/results/thunderball/draw-details?drawNo=3959,2026-08-19T20:00:00+01:00,Europe/London,2026-08-19T19:00:00+00:00,London,GB,51.5074,-0.1278,21.5,"2, 3, 11, 12, 24",6,2026-08-19T19:00,0,verified,Open-Meteo,9/14/2026 9:49,v1.0.0,scheduled_time,verified_venue
2,THUNDERBALL-3958,Excalibur4,T3,2,https://www.national-lottery.co.uk/results/thunderball/draw-details?drawNo=3958,2026-08-18T20:00:00+01:00,Europe/London,2026-08-18T19:00:00+00:00,London,GB,51.5074,-0.1278,22.4,"1, 3, 9, 15, 23",12,2026-08-18T19:00,0,verified,Open-Meteo,9/14/2026 9:49,v1.0.0,scheduled_time,verified_venue
2,THUNDERBALL-3957,Excalibur6,T2,2,https://www.national-lottery.co.uk/results/thunderball/draw-details?drawNo=3957,2026-08-15T20:00:00+01:00,Europe/London,2026-08-15T19:00:00+00:00,London,GB,51.5074,-0.1278,24.5,"11, 16, 24, 34, 35",3,2026-08-15T19:00,0,verified,Open-Meteo,9/14/2026 9:49,v1.0.0,scheduled_time,verified_venue
2,THUNDERBALL-3956,Excalibur6,T2,2,https://www.national-lottery.co.uk/results/thunderball/draw-details?drawNo=3956,2026-08-14T20:00:00+01:00,Europe/London,2026-08-14T19:00:00+00:00,London,GB,51.5074,-0.1278,31.3,"4, 15, 25, 27, 32",11,2026-08-14T19:00,0,verified,Open-Meteo,9/14/2026 9:49,v1.0.0,scheduled_time,verified_venue
2,THUNDERBALL-3955,Excalibur6,T2,2,https://www.national-lottery.co.uk/results/thunderball/draw-details?drawNo=3955,2026-08-12T20:00:00+01:00,Europe/London,2026-08-12T19:00:00+00:00,London,GB,51.5074,-0.1278,28.3,"5, 7, 27, 28, 38",12,2026-08-12T19:00,0,verified,Open-Meteo,9/14/2026 9:49,v1.0.0,scheduled_time,verified_venue
2,THUNDERBALL-3954,Excalibur6,T2,2,https://www.national-lottery.co.uk/results/thunderball/draw-details?drawNo=3954,2026-08-11T20:00:00+01:00,Europe/London,2026-08-11T19:00:00+00:00,London,GB,51.5074,-0.1278,21.6,"3, 10, 20, 25, 28",7,2026-08-11T19:00,0,verified,Open-Meteo,9/14/2026 9:49,v1.0.0,scheduled_time,verified_venue
2,THUNDERBALL-3953,Excalibur6,T1,2,https://www.national-lottery.co.uk/results/thunderball/draw-details?drawNo=3953,2026-08-08T20:00:00+01:00,Europe/London,2026-08-08T19:00:00+00:00,London,GB,51.5074,-0.1278,25.2,"11, 16, 25, 32, 35",2,2026-08-08T19:00,0,verified,Open-Meteo,9/14/2026 9:49,v1.0.0,scheduled_time,verified_venue
2,THUNDERBALL-3952,Excalibur6,T1,2,https://www.national-lottery.co.uk/results/thunderball/draw-details?drawNo=3952,2026-08-07T20:00:00+01:00,Europe/London,2026-08-07T19:00:00+00:00,London,GB,51.5074,-0.1278,24.2,"4, 18, 28, 30, 34",11,2026-08-07T19:00,0,verified,Open-Meteo,9/14/2026 9:49,v1.0.0,scheduled_time,verified_venue
2,THUNDERBALL-3951,Excalibur6,T1,2,https://www.national-lottery.co.uk/results/thunderball/draw-details?drawNo=3951,2026-08-05T20:00:00+01:00,Europe/London,2026-08-05T19:00:00+00:00,London,GB,51.5074,-0.1278,21.8,"12, 16, 20, 21, 37",2,2026-08-05T19:00,0,verified,Open-Meteo,9/14/2026 9:49,v1.0.0,scheduled_time,verified_venue
2,THUNDERBALL-3950,Excalibur6,T1,2,https://www.national-lottery.co.uk/results/thunderball/draw-details?drawNo=3950,2026-08-04T20:00:00+01:00,Europe/London,2026-08-04T19:00:00+00:00,London,GB,51.5074,-0.1278,23.5,"15, 24, 30, 35, 37",8,2026-08-04T19:00,0,verified,Open-Meteo,9/14/2026 9:49,v1.0.0,scheduled_time,verified_venue
2,THUNDERBALL-3949,Excalibur5,T4,2,https://www.national-lottery.co.uk/results/thunderball/draw-details?drawNo=3949,2026-08-01T20:00:00+01:00,Europe/London,2026-08-01T19:00:00+00:00,London,GB,51.5074,-0.1278,24.3,"15, 31, 32, 34, 37",8,2026-08-01T19:00,0,verified,Open-Meteo,9/14/2026 9:49,v1.0.0,scheduled_time,verified_venue
2,THUNDERBALL-3948,Excalibur5,T4,2,https://www.national-lottery.co.uk/results/thunderball/draw-details?drawNo=3948,2026-07-31T20:00:00+01:00,Europe/London,2026-07-31T19:00:00+00:00,London,GB,51.5074,-0.1278,24.3,"1, 16, 19, 21, 27",12,2026-07-31T19:00,0,verified,Open-Meteo,9/14/2026 9:49,v1.0.0,scheduled_time,verified_venue
2,THUNDERBALL-3947,Excalibur5,T4,2,https://www.national-lottery.co.uk/results/thunderball/draw-details?drawNo=3947,2026-07-29T20:00:00+01:00,Europe/London,2026-07-29T19:00:00+00:00,London,GB,51.5074,-0.1278,29.6,"23, 26, 28, 32, 34",13,2026-07-29T19:00,0,verified,Open-Meteo,9/14/2026 9:49,v1.0.0,scheduled_time,verified_venue
2,THUNDERBALL-3946,Excalibur5,T4,2,https://www.national-lottery.co.uk/results/thunderball/draw-details?drawNo=3946,2026-07-28T20:00:00+01:00,Europe/London,2026-07-28T19:00:00+00:00,London,GB,51.5074,-0.1278,26.8,"1, 7, 33, 34, 36",14,2026-07-28T19:00,0,verified,Open-Meteo,9/14/2026 9:49,v1.0.0,scheduled_time,verified_venue
2,THUNDERBALL-3945,Excalibur5,T3,2,https://www.national-lottery.co.uk/results/thunderball/draw-details?drawNo=3945,2026-07-25T20:00:00+01:00,Europe/London,2026-07-25T19:00:00+00:00,London,GB,51.5074,-0.1278,24.8,"13, 15, 17, 21, 23",14,2026-07-25T19:00,0,verified,Open-Meteo,9/14/2026 9:49,v1.0.0,scheduled_time,verified_venue
2,THUNDERBALL-3944,Excalibur5,T3,2,https://www.national-lottery.co.uk/results/thunderball/draw-details?drawNo=3944,2026-07-24T20:00:00+01:00,Europe/London,2026-07-24T19:00:00+00:00,London,GB,51.5074,-0.1278,26.5,"10, 16, 27, 29, 34",3,2026-07-24T19:00,0,verified,Open-Meteo,9/14/2026 9:49,v1.0.0,scheduled_time,verified_venue
2,THUNDERBALL-3943,Excalibur5,T3,2,https://www.national-lottery.co.uk/results/thunderball/draw-details?drawNo=3943,2026-07-22T20:00:00+01:00,Europe/London,2026-07-22T19:00:00+00:00,London,GB,51.5074,-0.1278,24.5,"3, 9, 29, 30, 32",1,2026-07-22T19:00,0,verified,Open-Meteo,9/14/2026 9:49,v1.0.0,scheduled_time,verified_venue
2,THUNDERBALL-3942,Excalibur5,T3,2,https://www.national-lottery.co.uk/results/thunderball/draw-details?drawNo=3942,2026-07-21T20:00:00+01:00,Europe/London,2026-07-21T19:00:00+00:00,London,GB,51.5074,-0.1278,22.4,"19, 27, 30, 32, 36",3,2026-07-21T19:00,0,verified,Open-Meteo,9/14/2026 9:49,v1.0.0,scheduled_time,verified_venue
2,THUNDERBALL-3941,Excalibur4,T2,2,https://www.national-lottery.co.uk/results/thunderball/draw-details?drawNo=3941,2026-07-18T20:00:00+01:00,Europe/London,2026-07-18T19:00:00+00:00,London,GB,51.5074,-0.1278,20.3,"3, 6, 19, 25, 36",6,2026-07-18T19:00,0,verified,Open-Meteo,9/14/2026 9:49,v1.0.0,scheduled_time,verified_venue
2,THUNDERBALL-3940,Excalibur4,T2,2,https://www.national-lottery.co.uk/results/thunderball/draw-details?drawNo=3940,2026-07-17T20:00:00+01:00,Europe/London,2026-07-17T19:00:00+00:00,London,GB,51.5074,-0.1278,26.8,"5, 8, 20, 24, 25",1,2026-07-17T19:00,0,verified,Open-Meteo,9/14/2026 9:49,v1.0.0,scheduled_time,verified_venue
2,THUNDERBALL-3939,Excalibur4,T2,2,https://www.national-lottery.co.uk/results/thunderball/draw-details?drawNo=3939,2026-07-15T20:00:00+01:00,Europe/London,2026-07-15T19:00:00+00:00,London,GB,51.5074,-0.1278,25.7,"8, 14, 17, 18, 34",3,2026-07-15T19:00,0,verified,Open-Meteo,9/14/2026 9:49,v1.0.0,scheduled_time,verified_venue
2,THUNDERBALL-3938,Excalibur4,T2,2,https://www.national-lottery.co.uk/results/thunderball/draw-details?drawNo=3938,2026-07-14T20:00:00+01:00,Europe/London,2026-07-14T19:00:00+00:00,London,GB,51.5074,-0.1278,27.2,"1, 15, 24, 25, 36",7,2026-07-14T19:00,0,verified,Open-Meteo,9/14/2026 9:49,v1.0.0,scheduled_time,verified_venue
2,THUNDERBALL-3937,Excalibur4,T1,2,https://www.national-lottery.co.uk/results/thunderball/draw-details?drawNo=3937,2026-07-11T20:00:00+01:00,Europe/London,2026-07-11T19:00:00+00:00,London,GB,51.5074,-0.1278,25.9,"14, 16, 18, 23, 35",7,2026-07-11T19:00,0,verified,Open-Meteo,9/14/2026 9:49,v1.0.0,scheduled_time,verified_venue
2,THUNDERBALL-3936,Excalibur4,T1,2,https://www.national-lottery.co.uk/results/thunderball/draw-details?drawNo=3936,2026-07-10T20:00:00+01:00,Europe/London,2026-07-10T19:00:00+00:00,London,GB,51.5074,-0.1278,25.9,"1, 8, 11, 23, 26",9,2026-07-10T19:00,0,verified,Open-Meteo,9/14/2026 9:49,v1.0.0,scheduled_time,verified_venue
2,THUNDERBALL-3935,Excalibur4,T1,2,https://www.national-lottery.co.uk/results/thunderball/draw-details?drawNo=3935,2026-07-08T20:00:00+01:00,Europe/London,2026-07-08T19:00:00+00:00,London,GB,51.5074,-0.1278,32,"13, 18, 24, 25, 34",2,2026-07-08T19:00,0,verified,Open-Meteo,9/14/2026 9:49,v1.0.0,scheduled_time,verified_venue
2,THUNDERBALL-3934,Excalibur4,T1,2,https://www.national-lottery.co.uk/results/thunderball/draw-details?drawNo=3934,2026-07-07T20:00:00+01:00,Europe/London,2026-07-07T19:00:00+00:00,London,GB,51.5074,-0.1278,29.2,"11, 12, 21, 33, 38",10,2026-07-07T19:00,0,verified,Open-Meteo,9/14/2026 9:49,v1.0.0,scheduled_time,verified_venue
2,THUNDERBALL-3933,Excalibur6,T4,2,https://www.national-lottery.co.uk/results/thunderball/draw-details?drawNo=3933,2026-07-04T20:00:00+01:00,Europe/London,2026-07-04T19:00:00+00:00,London,GB,51.5074,-0.1278,25.5,"2, 5, 11, 25, 26",4,2026-07-04T19:00,0,verified,Open-Meteo,9/14/2026 9:49,v1.0.0,scheduled_time,verified_venue
2,THUNDERBALL-3932,Excalibur6,T4,2,https://www.national-lottery.co.uk/results/thunderball/draw-details?drawNo=3932,2026-07-03T20:00:00+01:00,Europe/London,2026-07-03T19:00:00+00:00,London,GB,51.5074,-0.1278,25.3,"15, 17, 20, 24, 31",13,2026-07-03T19:00,0,verified,Open-Meteo,9/14/2026 9:49,v1.0.0,scheduled_time,verified_venue
2,THUNDERBALL-3931,Excalibur6,T4,2,https://www.national-lottery.co.uk/results/thunderball/draw-details?drawNo=3931,2026-07-01T20:00:00+01:00,Europe/London,2026-07-01T19:00:00+00:00,London,GB,51.5074,-0.1278,24.7,"3, 11, 19, 28, 31",3,2026-07-01T19:00,0,verified,Open-Meteo,9/14/2026 9:49,v1.0.0,scheduled_time,verified_venue
2,THUNDERBALL-3930,Excalibur6,T4,2,https://www.national-lottery.co.uk/results/thunderball/draw-details?drawNo=3930,2026-06-30T20:00:00+01:00,Europe/London,2026-06-30T19:00:00+00:00,London,GB,51.5074,-0.1278,21.7,"5, 23, 31, 32, 35",10,2026-06-30T19:00,0,verified,Open-Meteo,9/14/2026 9:49,v1.0.0,scheduled_time,verified_venue
2,THUNDERBALL-3929,Excalibur6,T3,2,https://www.national-lottery.co.uk/results/thunderball/draw-details?drawNo=3929,2026-06-27T20:00:00+01:00,Europe/London,2026-06-27T19:00:00+00:00,London,GB,51.5074,-0.1278,26.8,"16, 22, 30, 31, 35",12,2026-06-27T19:00,0,verified,Open-Meteo,9/14/2026 9:49,v1.0.0,scheduled_time,verified_venue
2,THUNDERBALL-3928,Excalibur6,T3,2,https://www.national-lottery.co.uk/results/thunderball/draw-details?drawNo=3928,2026-06-26T20:00:00+01:00,Europe/London,2026-06-26T19:00:00+00:00,London,GB,51.5074,-0.1278,31.8,"2, 7, 16, 28, 30",14,2026-06-26T19:00,0,verified,Open-Meteo,9/14/2026 9:49,v1.0.0,scheduled_time,verified_venue
2,THUNDERBALL-3927,Excalibur6,T3,2,https://www.national-lottery.co.uk/results/thunderball/draw-details?drawNo=3927,2026-06-24T20:00:00+01:00,Europe/London,2026-06-24T19:00:00+00:00,London,GB,51.5074,-0.1278,31,"2, 15, 24, 25, 38",13,2026-06-24T19:00,0,verified,Open-Meteo,9/14/2026 9:49,v1.0.0,scheduled_time,verified_venue
2,THUNDERBALL-3926,Excalibur6,T3,2,https://www.national-lottery.co.uk/results/thunderball/draw-details?drawNo=3926,2026-06-23T20:00:00+01:00,Europe/London,2026-06-23T19:00:00+00:00,London,GB,51.5074,-0.1278,31.6,"4, 9, 12, 29, 32",3,2026-06-23T19:00,0,verified,Open-Meteo,9/14/2026 9:49,v1.0.0,scheduled_time,verified_venue
2,THUNDERBALL-3925,Excalibur5,T2,2,https://www.national-lottery.co.uk/results/thunderball/draw-details?drawNo=3925,2026-06-20T20:00:00+01:00,Europe/London,2026-06-20T19:00:00+00:00,London,GB,51.5074,-0.1278,24.4,"6, 8, 9, 16, 23",14,2026-06-20T19:00,0,verified,Open-Meteo,9/14/2026 9:49,v1.0.0,scheduled_time,verified_venue
2,THUNDERBALL-3924,Excalibur5,T2,2,https://www.national-lottery.co.uk/results/thunderball/draw-details?drawNo=3924,2026-06-19T20:00:00+01:00,Europe/London,2026-06-19T19:00:00+00:00,London,GB,51.5074,-0.1278,25.8,"7, 19, 23, 24, 38",3,2026-06-19T19:00,0,verified,Open-Meteo,9/14/2026 9:49,v1.0.0,scheduled_time,verified_venue
2,THUNDERBALL-3923,Excalibur5,T2,2,https://www.national-lottery.co.uk/results/thunderball/draw-details?drawNo=3923,2026-06-17T20:00:00+01:00,Europe/London,2026-06-17T19:00:00+00:00,London,GB,51.5074,-0.1278,21.6,"13, 16, 23, 25, 26",4,2026-06-17T19:00,0,verified,Open-Meteo,9/14/2026 9:49,v1.0.0,scheduled_time,verified_venue
2,THUNDERBALL-3922,Excalibur5,T2,2,https://www.national-lottery.co.uk/results/thunderball/draw-details?drawNo=3922,2026-06-16T20:00:00+01:00,Europe/London,2026-06-16T19:00:00+00:00,London,GB,51.5074,-0.1278,20.6,"8, 16, 29, 36, 39",11,2026-06-16T19:00,0,verified,Open-Meteo,9/14/2026 9:49,v1.0.0,scheduled_time,verified_venue
2,THUNDERBALL-3921,Excalibur5,T1,2,https://www.national-lottery.co.uk/results/thunderball/draw-details?drawNo=3921,2026-06-13T20:00:00+01:00,Europe/London,2026-06-13T19:00:00+00:00,London,GB,51.5074,-0.1278,18.9,"15, 18, 21, 27, 39",4,2026-06-13T19:00,0,verified,Open-Meteo,9/14/2026 9:49,v1.0.0,scheduled_time,verified_venue
2,THUNDERBALL-3920,Excalibur5,T1,2,https://www.national-lottery.co.uk/results/thunderball/draw-details?drawNo=3920,2026-06-12T20:00:00+01:00,Europe/London,2026-06-12T19:00:00+00:00,London,GB,51.5074,-0.1278,18.1,"21, 24, 29, 31, 36",6,2026-06-12T19:00,0,verified,Open-Meteo,9/14/2026 9:49,v1.0.0,scheduled_time,verified_venue
2,THUNDERBALL-3919,Excalibur5,T1,2,https://www.national-lottery.co.uk/results/thunderball/draw-details?drawNo=3919,2026-06-10T20:00:00+01:00,Europe/London,2026-06-10T19:00:00+00:00,London,GB,51.5074,-0.1278,13.2,"1, 8, 12, 14, 24",10,2026-06-10T19:00,0,verified,Open-Meteo,9/14/2026 9:49,v1.0.0,scheduled_time,verified_venue
2,THUNDERBALL-3918,Excalibur5,T1,2,https://www.national-lottery.co.uk/results/thunderball/draw-details?drawNo=3918,2026-06-09T20:00:00+01:00,Europe/London,2026-06-09T19:00:00+00:00,London,GB,51.5074,-0.1278,15.3,"1, 16, 29, 33, 39",1,2026-06-09T19:00,0,verified,Open-Meteo,9/14/2026 9:49,v1.0.0,scheduled_time,verified_venue
2,THUNDERBALL-3917,Excalibur1,T7,2,https://www.national-lottery.co.uk/results/thunderball/draw-details?drawNo=3917,2026-06-06T20:00:00+01:00,Europe/London,2026-06-06T19:00:00+00:00,London,GB,51.5074,-0.1278,15.1,"6, 11, 25, 29, 37",6,2026-06-06T19:00,0,verified,Open-Meteo,9/14/2026 9:49,v1.0.0,scheduled_time,verified_venue
2,THUNDERBALL-3916,Excalibur1,T7,2,https://www.national-lottery.co.uk/results/thunderball/draw-details?drawNo=3916,2026-06-05T20:00:00+01:00,Europe/London,2026-06-05T19:00:00+00:00,London,GB,51.5074,-0.1278,15.2,"2, 4, 9, 33, 37",1,2026-06-05T19:00,0,verified,Open-Meteo,9/14/2026 9:49,v1.0.0,scheduled_time,verified_venue
2,THUNDERBALL-3915,Excalibur1,T7,2,https://www.national-lottery.co.uk/results/thunderball/draw-details?drawNo=3915,2026-06-03T20:00:00+01:00,Europe/London,2026-06-03T19:00:00+00:00,London,GB,51.5074,-0.1278,15.8,"7, 22, 25, 30, 37",10,2026-06-03T19:00,0,verified,Open-Meteo,9/14/2026 9:49,v1.0.0,scheduled_time,verified_venue
2,THUNDERBALL-3914,Excalibur4,T4,2,https://www.national-lottery.co.uk/results/thunderball/draw-details?drawNo=3914,2026-06-02T20:00:00+01:00,Europe/London,2026-06-02T19:00:00+00:00,London,GB,51.5074,-0.1278,16.6,"2, 11, 33, 37, 38",10,2026-06-02T19:00,0,verified,Open-Meteo,9/14/2026 9:49,v1.0.0,scheduled_time,verified_venue
2,THUNDERBALL-3913,Excalibur4,T3,2,https://www.national-lottery.co.uk/results/thunderball/draw-details?drawNo=3913,2026-05-30T20:00:00+01:00,Europe/London,2026-05-30T19:00:00+00:00,London,GB,51.5074,-0.1278,26.6,"5, 20, 24, 28, 39",2,2026-05-30T19:00,0,verified,Open-Meteo,9/14/2026 9:49,v1.0.0,scheduled_time,verified_venue
2,THUNDERBALL-3912,Excalibur4,T3,2,https://www.national-lottery.co.uk/results/thunderball/draw-details?drawNo=3912,2026-05-29T20:00:00+01:00,Europe/London,2026-05-29T19:00:00+00:00,London,GB,51.5074,-0.1278,23.8,"7, 13, 19, 35, 39",12,2026-05-29T19:00,0,verified,Open-Meteo,9/14/2026 9:49,v1.0.0,scheduled_time,verified_venue
2,THUNDERBALL-3911,Excalibur4,T3,2,https://www.national-lottery.co.uk/results/thunderball/draw-details?drawNo=3911,2026-05-27T20:00:00+01:00,Europe/London,2026-05-27T19:00:00+00:00,London,GB,51.5074,-0.1278,20.7,"4, 12, 20, 26, 36",13,2026-05-27T19:00,0,verified,Open-Meteo,9/14/2026 9:49,v1.0.0,scheduled_time,verified_venue
2,THUNDERBALL-3910,Excalibur4,T3,2,https://www.national-lottery.co.uk/results/thunderball/draw-details?drawNo=3910,2026-05-26T20:00:00+01:00,Europe/London,2026-05-26T19:00:00+00:00,London,GB,51.5074,-0.1278,30.1,"4, 17, 24, 27, 37",6,2026-05-26T19:00,0,verified,Open-Meteo,9/14/2026 9:49,v1.0.0,scheduled_time,verified_venue
2,THUNDERBALL-3909,Excalibur6,T2,2,https://www.national-lottery.co.uk/results/thunderball/draw-details?drawNo=3909,2026-05-23T20:00:00+01:00,Europe/London,2026-05-23T19:00:00+00:00,London,GB,51.5074,-0.1278,27.5,"14, 16, 23, 26, 35",1,2026-05-23T19:00,0,verified,Open-Meteo,9/14/2026 9:49,v1.0.0,scheduled_time,verified_venue
2,THUNDERBALL-3908,Excalibur6,T2,2,https://www.national-lottery.co.uk/results/thunderball/draw-details?drawNo=3908,2026-05-22T20:00:00+01:00,Europe/London,2026-05-22T19:00:00+00:00,London,GB,51.5074,-0.1278,25.2,"2, 9, 13, 20, 24",8,2026-05-22T19:00,0,verified,Open-Meteo,9/14/2026 9:49,v1.0.0,scheduled_time,verified_venue
2,THUNDERBALL-3907,Excalibur6,T2,2,https://www.national-lottery.co.uk/results/thunderball/draw-details?drawNo=3907,2026-05-20T20:00:00+01:00,Europe/London,2026-05-20T19:00:00+00:00,London,GB,51.5074,-0.1278,16.9,"1, 15, 23, 25, 30",2,2026-05-20T19:00,0,verified,Open-Meteo,9/14/2026 9:49,v1.0.0,scheduled_time,verified_venue
2,THUNDERBALL-3906,Excalibur6,T2,2,https://www.national-lottery.co.uk/results/thunderball/draw-details?drawNo=3906,2026-05-19T20:00:00+01:00,Europe/London,2026-05-19T19:00:00+00:00,London,GB,51.5074,-0.1278,14.7,"5, 6, 15, 26, 39",1,2026-05-19T19:00,0,verified,Open-Meteo,9/14/2026 9:49,v1.0.0,scheduled_time,verified_venue
2,THUNDERBALL-3905,Excalibur6,T1,2,https://www.national-lottery.co.uk/results/thunderball/draw-details?drawNo=3905,2026-05-16T20:00:00+01:00,Europe/London,2026-05-16T19:00:00+00:00,London,GB,51.5074,-0.1278,11.9,"16, 17, 20, 26, 29",5,2026-05-16T19:00,0,verified,Open-Meteo,9/14/2026 9:49,v1.0.0,scheduled_time,verified_venue
2,THUNDERBALL-3904,Excalibur6,T1,2,https://www.national-lottery.co.uk/results/thunderball/draw-details?drawNo=3904,2026-05-15T20:00:00+01:00,Europe/London,2026-05-15T19:00:00+00:00,London,GB,51.5074,-0.1278,12.7,"8, 15, 26, 29, 30",13,2026-05-15T19:00,0,verified,Open-Meteo,9/14/2026 9:49,v1.0.0,scheduled_time,verified_venue
2,THUNDERBALL-3903,Excalibur6,T1,2,https://www.national-lottery.co.uk/results/thunderball/draw-details?drawNo=3903,2026-05-13T20:00:00+01:00,Europe/London,2026-05-13T19:00:00+00:00,London,GB,51.5074,-0.1278,10.1,"10, 11, 18, 28, 29",2,2026-05-13T19:00,0,verified,Open-Meteo,9/14/2026 9:49,v1.0.0,scheduled_time,verified_venue
2,THUNDERBALL-3902,Excalibur6,T1,2,https://www.national-lottery.co.uk/results/thunderball/draw-details?drawNo=3902,2026-05-12T20:00:00+01:00,Europe/London,2026-05-12T19:00:00+00:00,London,GB,51.5074,-0.1278,13.9,"2, 3, 4, 14, 19",11,2026-05-12T19:00,0,verified,Open-Meteo,9/14/2026 9:49,v1.0.0,scheduled_time,verified_venue
2,THUNDERBALL-3901,Excalibur5,T4,2,https://www.national-lottery.co.uk/results/thunderball/draw-details?drawNo=3901,2026-05-09T20:00:00+01:00,Europe/London,2026-05-09T19:00:00+00:00,London,GB,51.5074,-0.1278,17,"1, 3, 26, 27, 38",12,2026-05-09T19:00,0,verified,Open-Meteo,9/14/2026 9:49,v1.0.0,scheduled_time,verified_venue
2,THUNDERBALL-3900,Excalibur5,T4,2,https://www.national-lottery.co.uk/results/thunderball/draw-details?drawNo=3900,2026-05-08T20:00:00+01:00,Europe/London,2026-05-08T19:00:00+00:00,London,GB,51.5074,-0.1278,16.2,"11, 14, 22, 31, 32",3,2026-05-08T19:00,0,verified,Open-Meteo,9/14/2026 9:49,v1.0.0,scheduled_time,verified_venue
2,THUNDERBALL-3899,Excalibur5,T4,2,https://www.national-lottery.co.uk/results/thunderball/draw-details?drawNo=3899,2026-05-06T20:00:00+01:00,Europe/London,2026-05-06T19:00:00+00:00,London,GB,51.5074,-0.1278,11.9,"2, 12, 19, 24, 39",12,2026-05-06T19:00,0,verified,Open-Meteo,9/14/2026 9:49,v1.0.0,scheduled_time,verified_venue
2,THUNDERBALL-3898,Excalibur5,T4,2,https://www.national-lottery.co.uk/results/thunderball/draw-details?drawNo=3898,2026-05-05T20:00:00+01:00,Europe/London,2026-05-05T19:00:00+00:00,London,GB,51.5074,-0.1278,14.3,"1, 2, 21, 33, 37",9,2026-05-05T19:00,0,verified,Open-Meteo,9/14/2026 9:49,v1.0.0,scheduled_time,verified_venue
2,THUNDERBALL-3897,Excalibur5,T3,2,https://www.national-lottery.co.uk/results/thunderball/draw-details?drawNo=3897,2026-05-02T20:00:00+01:00,Europe/London,2026-05-02T19:00:00+00:00,London,GB,51.5074,-0.1278,15.5,"8, 12, 24, 28, 35",12,2026-05-02T19:00,0,verified,Open-Meteo,9/14/2026 9:49,v1.0.0,scheduled_time,verified_venue
2,THUNDERBALL-3896,Excalibur5,T3,2,https://www.national-lottery.co.uk/results/thunderball/draw-details?drawNo=3896,2026-05-01T20:00:00+01:00,Europe/London,2026-05-01T19:00:00+00:00,London,GB,51.5074,-0.1278,19.7,"3, 12, 22, 34, 35",8,2026-05-01T19:00,0,verified,Open-Meteo,9/14/2026 9:49,v1.0.0,scheduled_time,verified_venue
2,THUNDERBALL-3895,Excalibur5,T3,2,https://www.national-lottery.co.uk/results/thunderball/draw-details?drawNo=3895,2026-04-29T20:00:00+01:00,Europe/London,2026-04-29T19:00:00+00:00,London,GB,51.5074,-0.1278,14.1,"1, 23, 26, 29, 37",13,2026-04-29T19:00,0,verified,Open-Meteo,9/14/2026 9:49,v1.0.0,scheduled_time,verified_venue
2,THUNDERBALL-3894,Excalibur5,T3,2,https://www.national-lottery.co.uk/results/thunderball/draw-details?drawNo=3894,2026-04-28T20:00:00+01:00,Europe/London,2026-04-28T19:00:00+00:00,London,GB,51.5074,-0.1278,13,"4, 12, 20, 35, 37",10,2026-04-28T19:00,0,verified,Open-Meteo,9/14/2026 9:49,v1.0.0,scheduled_time,verified_venue
2,THUNDERBALL-3893,Excalibur4,T2,2,https://www.national-lottery.co.uk/results/thunderball/draw-details?drawNo=3893,2026-04-25T20:00:00+01:00,Europe/London,2026-04-25T19:00:00+00:00,London,GB,51.5074,-0.1278,19.1,"10, 16, 19, 22, 35",4,2026-04-25T19:00,0,verified,Open-Meteo,9/14/2026 9:49,v1.0.0,scheduled_time,verified_venue
2,THUNDERBALL-3892,Excalibur4,T2,2,https://www.national-lottery.co.uk/results/thunderball/draw-details?drawNo=3892,2026-04-24T20:00:00+01:00,Europe/London,2026-04-24T19:00:00+00:00,London,GB,51.5074,-0.1278,14.5,"3, 4, 23, 28, 31",4,2026-04-24T19:00,0,verified,Open-Meteo,9/14/2026 9:49,v1.0.0,scheduled_time,verified_venue
2,THUNDERBALL-3891,Excalibur4,T2,2,https://www.national-lottery.co.uk/results/thunderball/draw-details?drawNo=3891,2026-04-22T20:00:00+01:00,Europe/London,2026-04-22T19:00:00+00:00,London,GB,51.5074,-0.1278,12.9,"11, 18, 23, 30, 33",11,2026-04-22T19:00,0,verified,Open-Meteo,9/14/2026 9:49,v1.0.0,scheduled_time,verified_venue
2,THUNDERBALL-3890,Excalibur4,T2,2,https://www.national-lottery.co.uk/results/thunderball/draw-details?drawNo=3890,2026-04-21T20:00:00+01:00,Europe/London,2026-04-21T19:00:00+00:00,London,GB,51.5074,-0.1278,10.6,"3, 7, 24, 31, 35",2,2026-04-21T19:00,0,verified,Open-Meteo,9/14/2026 9:49,v1.0.0,scheduled_time,verified_venue
2,THUNDERBALL-3889,Excalibur4,T1,2,https://www.national-lottery.co.uk/results/thunderball/draw-details?drawNo=3889,2026-04-18T20:00:00+01:00,Europe/London,2026-04-18T19:00:00+00:00,London,GB,51.5074,-0.1278,14.8,"2, 9, 15, 28, 33",5,2026-04-18T19:00,0,verified,Open-Meteo,9/14/2026 9:49,v1.0.0,scheduled_time,verified_venue
2,THUNDERBALL-3888,Excalibur4,T1,2,https://www.national-lottery.co.uk/results/thunderball/draw-details?drawNo=3888,2026-04-17T20:00:00+01:00,Europe/London,2026-04-17T19:00:00+00:00,London,GB,51.5074,-0.1278,15,"1, 8, 9, 23, 38",14,2026-04-17T19:00,0,verified,Open-Meteo,9/14/2026 9:49,v1.0.0,scheduled_time,verified_venue
2,THUNDERBALL-3887,Excalibur4,T1,2,https://www.national-lottery.co.uk/results/thunderball/draw-details?drawNo=3887,2026-04-15T20:00:00+01:00,Europe/London,2026-04-15T19:00:00+00:00,London,GB,51.5074,-0.1278,13.5,"1, 5, 17, 34, 35",8,2026-04-15T19:00,0,verified,Open-Meteo,9/14/2026 9:49,v1.0.0,scheduled_time,verified_venue
2,THUNDERBALL-3886,Excalibur4,T6,2,https://www.national-lottery.co.uk/results/thunderball/draw-details?drawNo=3886,2026-04-14T20:00:00+01:00,Europe/London,2026-04-14T19:00:00+00:00,London,GB,51.5074,-0.1278,14.4,"7, 16, 24, 31, 39",6,2026-04-14T19:00,0,verified,Open-Meteo,9/14/2026 9:49,v1.0.0,scheduled_time,verified_venue
2,THUNDERBALL-3885,Excalibur6,T6,2,https://www.national-lottery.co.uk/results/thunderball/draw-details?drawNo=3885,2026-04-11T20:00:00+01:00,Europe/London,2026-04-11T19:00:00+00:00,London,GB,51.5074,-0.1278,9.7,"6, 10, 11, 29, 38",12,2026-04-11T19:00,0,verified,Open-Meteo,9/14/2026 9:49,v1.0.0,scheduled_time,verified_venue
2,THUNDERBALL-3884,Excalibur6,T6,2,https://www.national-lottery.co.uk/results/thunderball/draw-details?drawNo=3884,2026-04-10T20:00:00+01:00,Europe/London,2026-04-10T19:00:00+00:00,London,GB,51.5074,-0.1278,10.4,"11, 14, 16, 26, 31",14,2026-04-10T19:00,0,verified,Open-Meteo,9/14/2026 9:49,v1.0.0,scheduled_time,verified_venue
2,THUNDERBALL-3883,Excalibur6,T6,2,https://www.national-lottery.co.uk/results/thunderball/draw-details?drawNo=3883,2026-04-08T20:00:00+01:00,Europe/London,2026-04-08T19:00:00+00:00,London,GB,51.5074,-0.1278,22.7,"7, 10, 17, 31, 33",11,2026-04-08T19:00,0,verified,Open-Meteo,9/14/2026 9:49,v1.0.0,scheduled_time,verified_venue
2,THUNDERBALL-3882,Excalibur6,T6,2,https://www.national-lottery.co.uk/results/thunderball/draw-details?drawNo=3882,2026-04-07T20:00:00+01:00,Europe/London,2026-04-07T19:00:00+00:00,London,GB,51.5074,-0.1278,15.6,"1, 2, 5, 7, 35",7,2026-04-07T19:00,0,verified,Open-Meteo,9/14/2026 9:49,v1.0.0,scheduled_time,verified_venue
2,THUNDERBALL-3881,Excalibur6,T5,2,https://www.national-lottery.co.uk/results/thunderball/draw-details?drawNo=3881,2026-04-04T20:00:00+01:00,Europe/London,2026-04-04T19:00:00+00:00,London,GB,51.5074,-0.1278,13,"6, 13, 17, 19, 38",1,2026-04-04T19:00,0,verified,Open-Meteo,9/14/2026 9:49,v1.0.0,scheduled_time,verified_venue
2,THUNDERBALL-3880,Excalibur6,T5,2,https://www.national-lottery.co.uk/results/thunderball/draw-details?drawNo=3880,2026-04-03T20:00:00+01:00,Europe/London,2026-04-03T19:00:00+00:00,London,GB,51.5074,-0.1278,13.8,"19, 24, 27, 37, 38",5,2026-04-03T19:00,0,verified,Open-Meteo,9/14/2026 9:49,v1.0.0,scheduled_time,verified_venue
2,THUNDERBALL-3879,Excalibur6,T5,2,https://www.national-lottery.co.uk/results/thunderball/draw-details?drawNo=3879,2026-04-01T20:00:00+01:00,Europe/London,2026-04-01T19:00:00+00:00,London,GB,51.5074,-0.1278,11.8,"2, 7, 20, 23, 28",7,2026-04-01T19:00,0,verified,Open-Meteo,9/14/2026 9:49,v1.0.0,scheduled_time,verified_venue
2,THUNDERBALL-3878,Excalibur6,T5,2,https://www.national-lottery.co.uk/results/thunderball/draw-details?drawNo=3878,2026-03-31T20:00:00+01:00,Europe/London,2026-03-31T19:00:00+00:00,London,GB,51.5074,-0.1278,14.5,"10, 30, 33, 35, 38",11,2026-03-31T19:00,0,verified,Open-Meteo,9/14/2026 9:49,v1.0.0,scheduled_time,verified_venue
2,THUNDERBALL-3877,Excalibur5,T5,2,https://www.national-lottery.co.uk/results/thunderball/draw-details?drawNo=3877,2026-03-28T20:00:00+00:00,Europe/London,2026-03-28T20:00:00+00:00,London,GB,51.5074,-0.1278,6.5,"7, 19, 21, 25, 35",7,2026-03-28T20:00,0,verified,Open-Meteo,9/14/2026 9:49,v1.0.0,scheduled_time,verified_venue
2,THUNDERBALL-3876,Excalibur5,T5,2,https://www.national-lottery.co.uk/results/thunderball/draw-details?drawNo=3876,2026-03-27T20:00:00+00:00,Europe/London,2026-03-27T20:00:00+00:00,London,GB,51.5074,-0.1278,10.6,"2, 4, 8, 11, 23",5,2026-03-27T20:00,0,verified,Open-Meteo,9/14/2026 9:49,v1.0.0,scheduled_time,verified_venue
2,THUNDERBALL-3875,Excalibur5,T8,2,https://www.national-lottery.co.uk/results/thunderball/draw-details?drawNo=3875,2026-03-25T20:00:00+00:00,Europe/London,2026-03-25T20:00:00+00:00,London,GB,51.5074,-0.1278,5.2,"6, 16, 22, 25, 34",6,2026-03-25T20:00,0,verified,Open-Meteo,9/14/2026 9:49,v1.0.0,scheduled_time,verified_venue
2,THUNDERBALL-3874,Excalibur5,T8,2,https://www.national-lottery.co.uk/results/thunderball/draw-details?drawNo=3874,2026-03-24T20:00:00+00:00,Europe/London,2026-03-24T20:00:00+00:00,London,GB,51.5074,-0.1278,10.8,"3, 6, 14, 15, 38",13,2026-03-24T20:00,0,verified,Open-Meteo,9/14/2026 9:49,v1.0.0,scheduled_time,verified_venue
2,THUNDERBALL-3873,Excalibur5,T7,2,https://www.national-lottery.co.uk/results/thunderball/draw-details?drawNo=3873,2026-03-21T20:00:00+00:00,Europe/London,2026-03-21T20:00:00+00:00,London,GB,51.5074,-0.1278,8.6,"7, 11, 16, 26, 38",3,2026-03-21T20:00,0,verified,Open-Meteo,9/14/2026 9:49,v1.0.0,scheduled_time,verified_venue
2,THUNDERBALL-3872,Excalibur5,T7,2,https://www.national-lottery.co.uk/results/thunderball/draw-details?drawNo=3872,2026-03-20T20:00:00+00:00,Europe/London,2026-03-20T20:00:00+00:00,London,GB,51.5074,-0.1278,8.9,"5, 11, 25, 32, 38",12,2026-03-20T20:00,0,verified,Open-Meteo,9/14/2026 9:49,v1.0.0,scheduled_time,verified_venue
2,THUNDERBALL-3871,Excalibur5,T7,2,https://www.national-lottery.co.uk/results/thunderball/draw-details?drawNo=3871,2026-03-18T20:00:00+00:00,Europe/London,2026-03-18T20:00:00+00:00,London,GB,51.5074,-0.1278,10.2,"16, 26, 30, 31, 36",11,2026-03-18T20:00,0,verified,Open-Meteo,9/14/2026 9:49,v1.0.0,scheduled_time,verified_venue
1,EUROMILLIONS-1974,13,21,1,https://www.national-lottery.co.uk/results/euromillions/draw-details?drawNo=1974,2026-08-21T21:00:00+02:00,Europe/Paris,2026-08-21T19:00:00+00:00,Paris,FR,48.8566,2.3522,17.6,"10, 14, 15, 19, 45","4, 12",2026-08-21T19:00,0,verified,Open-Meteo,9/14/2026 9:43,v1.0.0,scheduled_time,verified_venue
1,EUROMILLIONS-1973,13,21,1,https://www.national-lottery.co.uk/results/euromillions/draw-details?drawNo=1973,2026-08-18T21:00:00+02:00,Europe/Paris,2026-08-18T19:00:00+00:00,Paris,FR,48.8566,2.3522,24.2,"3, 9, 38, 40, 50","6, 10",2026-08-18T19:00,0,verified,Open-Meteo,9/14/2026 9:43,v1.0.0,scheduled_time,verified_venue
1,EUROMILLIONS-1972,13,21,1,https://www.national-lottery.co.uk/results/euromillions/draw-details?drawNo=1972,2026-08-14T21:00:00+02:00,Europe/Paris,2026-08-14T19:00:00+00:00,Paris,FR,48.8566,2.3522,34.9,"5, 29, 39, 48, 49","4, 8",2026-08-14T19:00,0,verified,Open-Meteo,9/14/2026 9:43,v1.0.0,scheduled_time,verified_venue
1,EUROMILLIONS-1971,13,21,1,https://www.national-lottery.co.uk/results/euromillions/draw-details?drawNo=1971,2026-08-11T21:00:00+02:00,Europe/Paris,2026-08-11T19:00:00+00:00,Paris,FR,48.8566,2.3522,29.6,"3, 11, 17, 46, 48","1, 2",2026-08-11T19:00,0,verified,Open-Meteo,9/14/2026 9:43,v1.0.0,scheduled_time,verified_venue
1,EUROMILLIONS-1970,13,21,1,https://www.national-lottery.co.uk/results/euromillions/draw-details?drawNo=1970,2026-08-07T21:00:00+02:00,Europe/Paris,2026-08-07T19:00:00+00:00,Paris,FR,48.8566,2.3522,24.6,"26, 29, 35, 38, 47","1, 2",2026-08-07T19:00,0,verified,Open-Meteo,9/14/2026 9:43,v1.0.0,scheduled_time,verified_venue
1,EUROMILLIONS-1969,13,21,1,https://www.national-lottery.co.uk/results/euromillions/draw-details?drawNo=1969,2026-08-04T21:00:00+02:00,Europe/Paris,2026-08-04T19:00:00+00:00,Paris,FR,48.8566,2.3522,28.2,"25, 30, 34, 46, 50","1, 12",2026-08-04T19:00,0,verified,Open-Meteo,9/14/2026 9:43,v1.0.0,scheduled_time,verified_venue
1,EUROMILLIONS-1968,14,20,1,https://www.national-lottery.co.uk/results/euromillions/draw-details?drawNo=1968,2026-07-31T21:00:00+02:00,Europe/Paris,2026-07-31T19:00:00+00:00,Paris,FR,48.8566,2.3522,24.8,"10, 24, 25, 31, 45","4, 5",2026-07-31T19:00,0,verified,Open-Meteo,9/14/2026 9:43,v1.0.0,scheduled_time,verified_venue
1,EUROMILLIONS-1967,14,20,1,https://www.national-lottery.co.uk/results/euromillions/draw-details?drawNo=1967,2026-07-28T21:00:00+02:00,Europe/Paris,2026-07-28T19:00:00+00:00,Paris,FR,48.8566,2.3522,31,"5, 7, 24, 30, 49","10, 11",2026-07-28T19:00,0,verified,Open-Meteo,9/14/2026 9:43,v1.0.0,scheduled_time,verified_venue
1,EUROMILLIONS-1966,14,20,1,https://www.national-lottery.co.uk/results/euromillions/draw-details?drawNo=1966,2026-07-24T21:00:00+02:00,Europe/Paris,2026-07-24T19:00:00+00:00,Paris,FR,48.8566,2.3522,26.2,"8, 10, 30, 36, 47","1, 4",2026-07-24T19:00,0,verified,Open-Meteo,9/14/2026 9:43,v1.0.0,scheduled_time,verified_venue
1,EUROMILLIONS-1965,14,20,1,https://www.national-lottery.co.uk/results/euromillions/draw-details?drawNo=1965,2026-07-21T21:00:00+02:00,Europe/Paris,2026-07-21T19:00:00+00:00,Paris,FR,48.8566,2.3522,23.8,"2, 3, 8, 28, 39","2, 11",2026-07-21T19:00,0,verified,Open-Meteo,9/14/2026 9:43,v1.0.0,scheduled_time,verified_venue
1,EUROMILLIONS-1964,14,20,1,https://www.national-lottery.co.uk/results/euromillions/draw-details?drawNo=1964,2026-07-17T21:00:00+02:00,Europe/Paris,2026-07-17T19:00:00+00:00,Paris,FR,48.8566,2.3522,24.3,"12, 21, 23, 34, 40","9, 10",2026-07-17T19:00,0,verified,Open-Meteo,9/14/2026 9:43,v1.0.0,scheduled_time,verified_venue
1,EUROMILLIONS-1963,14,20,1,https://www.national-lottery.co.uk/results/euromillions/draw-details?drawNo=1963,2026-07-14T21:00:00+02:00,Europe/Paris,2026-07-14T19:00:00+00:00,Paris,FR,48.8566,2.3522,31.9,"10, 19, 37, 42, 47","9, 12",2026-07-14T19:00,0,verified,Open-Meteo,9/14/2026 9:43,v1.0.0,scheduled_time,verified_venue
1,EUROMILLIONS-1962,14,20,1,https://www.national-lottery.co.uk/results/euromillions/draw-details?drawNo=1962,2026-07-10T21:00:00+02:00,Europe/Paris,2026-07-10T19:00:00+00:00,Paris,FR,48.8566,2.3522,32.8,"2, 14, 28, 33, 48","8, 10",2026-07-10T19:00,0,verified,Open-Meteo,9/14/2026 9:43,v1.0.0,scheduled_time,verified_venue
1,EUROMILLIONS-1961,14,20,1,https://www.national-lottery.co.uk/results/euromillions/draw-details?drawNo=1961,2026-07-07T21:00:00+02:00,Europe/Paris,2026-07-07T19:00:00+00:00,Paris,FR,48.8566,2.3522,29.6,"5, 29, 33, 45, 47","5, 8",2026-07-07T19:00,0,verified,Open-Meteo,9/14/2026 9:43,v1.0.0,scheduled_time,verified_venue
1,EUROMILLIONS-1960,14,20,1,https://www.national-lottery.co.uk/results/euromillions/draw-details?drawNo=1960,2026-07-03T21:00:00+02:00,Europe/Paris,2026-07-03T19:00:00+00:00,Paris,FR,48.8566,2.3522,25.6,"2, 12, 17, 25, 39","1, 2",2026-07-03T19:00,0,verified,Open-Meteo,9/14/2026 9:43,v1.0.0,scheduled_time,verified_venue
1,EUROMILLIONS-1959,15,19,1,https://www.national-lottery.co.uk/results/euromillions/draw-details?drawNo=1959,2026-06-30T21:00:00+02:00,Europe/Paris,2026-06-30T19:00:00+00:00,Paris,FR,48.8566,2.3522,23.8,"1, 8, 37, 44, 48","2, 6",2026-06-30T19:00,0,verified,Open-Meteo,9/14/2026 9:43,v1.0.0,scheduled_time,verified_venue
1,EUROMILLIONS-1958,15,19,1,https://www.national-lottery.co.uk/results/euromillions/draw-details?drawNo=1958,2026-06-26T21:00:00+02:00,Europe/Paris,2026-06-26T19:00:00+00:00,Paris,FR,48.8566,2.3522,32.1,"6, 16, 26, 34, 35","11, 12",2026-06-26T19:00,0,verified,Open-Meteo,9/14/2026 9:43,v1.0.0,scheduled_time,verified_venue
1,EUROMILLIONS-1957,15,19,1,https://www.national-lottery.co.uk/results/euromillions/draw-details?drawNo=1957,2026-06-23T21:00:00+02:00,Europe/Paris,2026-06-23T19:00:00+00:00,Paris,FR,48.8566,2.3522,33.7,"3, 33, 36, 45, 46","5, 6",2026-06-23T19:00,0,verified,Open-Meteo,9/14/2026 9:43,v1.0.0,scheduled_time,verified_venue
1,EUROMILLIONS-1956,15,19,1,https://www.national-lottery.co.uk/results/euromillions/draw-details?drawNo=1956,2026-06-19T21:00:00+02:00,Europe/Paris,2026-06-19T19:00:00+00:00,Paris,FR,48.8566,2.3522,28,"8, 34, 39, 41, 42","2, 7",2026-06-19T19:00,0,verified,Open-Meteo,9/14/2026 9:43,v1.0.0,scheduled_time,verified_venue
1,EUROMILLIONS-1955,15,19,1,https://www.national-lottery.co.uk/results/euromillions/draw-details?drawNo=1955,2026-06-16T21:00:00+02:00,Europe/Paris,2026-06-16T19:00:00+00:00,Paris,FR,48.8566,2.3522,24.6,"18, 25, 31, 37, 45","4, 9",2026-06-16T19:00,0,verified,Open-Meteo,9/14/2026 9:43,v1.0.0,scheduled_time,verified_venue
1,EUROMILLIONS-1954,15,19,1,https://www.national-lottery.co.uk/results/euromillions/draw-details?drawNo=1954,2026-06-12T21:00:00+02:00,Europe/Paris,2026-06-12T19:00:00+00:00,Paris,FR,48.8566,2.3522,23.7,"4, 7, 14, 22, 23","1, 7",2026-06-12T19:00,0,verified,Open-Meteo,9/14/2026 9:43,v1.0.0,scheduled_time,verified_venue
1,EUROMILLIONS-1953,15,19,1,https://www.national-lottery.co.uk/results/euromillions/draw-details?drawNo=1953,2026-06-09T21:00:00+02:00,Europe/Paris,2026-06-09T19:00:00+00:00,Paris,FR,48.8566,2.3522,15.7,"2, 7, 23, 44, 46","3, 5",2026-06-09T19:00,0,verified,Open-Meteo,9/14/2026 9:43,v1.0.0,scheduled_time,verified_venue
1,EUROMILLIONS-1952,15,19,1,https://www.national-lottery.co.uk/results/euromillions/draw-details?drawNo=1952,2026-06-05T21:00:00+02:00,Europe/Paris,2026-06-05T19:00:00+00:00,Paris,FR,48.8566,2.3522,16.8,"5, 6, 16, 17, 49","2, 12",2026-06-05T19:00,0,verified,Open-Meteo,9/14/2026 9:43,v1.0.0,scheduled_time,verified_venue
1,EUROMILLIONS-1951,15,19,1,https://www.national-lottery.co.uk/results/euromillions/draw-details?drawNo=1951,2026-06-02T21:00:00+02:00,Europe/Paris,2026-06-02T19:00:00+00:00,Paris,FR,48.8566,2.3522,15,"6, 9, 17, 18, 42","7, 9",2026-06-02T19:00,0,verified,Open-Meteo,9/14/2026 9:43,v1.0.0,scheduled_time,verified_venue
1,EUROMILLIONS-1950,13,21,1,https://www.national-lottery.co.uk/results/euromillions/draw-details?drawNo=1950,2026-05-29T21:00:00+02:00,Europe/Paris,2026-05-29T19:00:00+00:00,Paris,FR,48.8566,2.3522,29.1,"5, 14, 18, 31, 35","2, 12",2026-05-29T19:00,0,verified,Open-Meteo,9/14/2026 9:43,v1.0.0,scheduled_time,verified_venue
1,EUROMILLIONS-1949,13,21,1,https://www.national-lottery.co.uk/results/euromillions/draw-details?drawNo=1949,2026-05-26T21:00:00+02:00,Europe/Paris,2026-05-26T19:00:00+00:00,Paris,FR,48.8566,2.3522,28.3,"6, 23, 25, 35, 37","6, 12",2026-05-26T19:00,0,verified,Open-Meteo,9/14/2026 9:43,v1.0.0,scheduled_time,verified_venue
1,EUROMILLIONS-1948,13,21,1,https://www.national-lottery.co.uk/results/euromillions/draw-details?drawNo=1948,2026-05-22T21:00:00+02:00,Europe/Paris,2026-05-22T19:00:00+00:00,Paris,FR,48.8566,2.3522,24,"6, 22, 26, 31, 37","5, 8",2026-05-22T19:00,0,verified,Open-Meteo,9/14/2026 9:43,v1.0.0,scheduled_time,verified_venue
1,EUROMILLIONS-1947,13,21,1,https://www.national-lottery.co.uk/results/euromillions/draw-details?drawNo=1947,2026-05-19T21:00:00+02:00,Europe/Paris,2026-05-19T19:00:00+00:00,Paris,FR,48.8566,2.3522,16.1,"2, 12, 20, 38, 45","2, 5",2026-05-19T19:00,0,verified,Open-Meteo,9/14/2026 9:43,v1.0.0,scheduled_time,verified_venue
1,EUROMILLIONS-1946,13,21,1,https://www.national-lottery.co.uk/results/euromillions/draw-details?drawNo=1946,2026-05-15T21:00:00+02:00,Europe/Paris,2026-05-15T19:00:00+00:00,Paris,FR,48.8566,2.3522,9.8,"3, 10, 38, 41, 43","2, 9",2026-05-15T19:00,0,verified,Open-Meteo,9/14/2026 9:43,v1.0.0,scheduled_time,verified_venue
1,EUROMILLIONS-1945,13,21,1,https://www.national-lottery.co.uk/results/euromillions/draw-details?drawNo=1945,2026-05-12T21:00:00+02:00,Europe/Paris,2026-05-12T19:00:00+00:00,Paris,FR,48.8566,2.3522,13.5,"4, 26, 32, 35, 36","5, 7",2026-05-12T19:00,0,verified,Open-Meteo,9/14/2026 9:43,v1.0.0,scheduled_time,verified_venue
1,EUROMILLIONS-1944,13,21,1,https://www.national-lottery.co.uk/results/euromillions/draw-details?drawNo=1944,2026-05-08T21:00:00+02:00,Europe/Paris,2026-05-08T19:00:00+00:00,Paris,FR,48.8566,2.3522,15.9,"2, 17, 19, 34, 37","8, 11",2026-05-08T19:00,0,verified,Open-Meteo,9/14/2026 9:43,v1.0.0,scheduled_time,verified_venue
1,EUROMILLIONS-1943,13,21,1,https://www.national-lottery.co.uk/results/euromillions/draw-details?drawNo=1943,2026-05-05T21:00:00+02:00,Europe/Paris,2026-05-05T19:00:00+00:00,Paris,FR,48.8566,2.3522,12.4,"3, 4, 8, 20, 31","6, 8",2026-05-05T19:00,0,verified,Open-Meteo,9/14/2026 9:43,v1.0.0,scheduled_time,verified_venue
1,EUROMILLIONS-1942,13,21,1,https://www.national-lottery.co.uk/results/euromillions/draw-details?drawNo=1942,2026-05-01T21:00:00+02:00,Europe/Paris,2026-05-01T19:00:00+00:00,Paris,FR,48.8566,2.3522,20.8,"3, 9, 42, 46, 47","1, 11",2026-05-01T19:00,0,verified,Open-Meteo,9/14/2026 9:43,v1.0.0,scheduled_time,verified_venue
1,EUROMILLIONS-1941,14,20,1,https://www.national-lottery.co.uk/results/euromillions/draw-details?drawNo=1941,2026-04-28T21:00:00+02:00,Europe/Paris,2026-04-28T19:00:00+00:00,Paris,FR,48.8566,2.3522,18.8,"26, 29, 41, 46, 47","8, 9",2026-04-28T19:00,0,verified,Open-Meteo,9/14/2026 9:43,v1.0.0,scheduled_time,verified_venue
1,EUROMILLIONS-1940,14,20,1,https://www.national-lottery.co.uk/results/euromillions/draw-details?drawNo=1940,2026-04-24T21:00:00+02:00,Europe/Paris,2026-04-24T19:00:00+00:00,Paris,FR,48.8566,2.3522,19.2,"25, 26, 30, 40, 45","1, 5",2026-04-24T19:00,0,verified,Open-Meteo,9/14/2026 9:43,v1.0.0,scheduled_time,verified_venue
1,EUROMILLIONS-1939,14,20,1,https://www.national-lottery.co.uk/results/euromillions/draw-details?drawNo=1939,2026-04-21T21:00:00+02:00,Europe/Paris,2026-04-21T19:00:00+00:00,Paris,FR,48.8566,2.3522,13.1,"13, 16, 29, 40, 47","3, 4",2026-04-21T19:00,0,verified,Open-Meteo,9/14/2026 9:43,v1.0.0,scheduled_time,verified_venue
1,EUROMILLIONS-1938,14,20,1,https://www.national-lottery.co.uk/results/euromillions/draw-details?drawNo=1938,2026-04-17T21:00:00+02:00,Europe/Paris,2026-04-17T19:00:00+00:00,Paris,FR,48.8566,2.3522,18.8,"22, 23, 28, 41, 47","6, 8",2026-04-17T19:00,0,verified,Open-Meteo,9/14/2026 9:43,v1.0.0,scheduled_time,verified_venue
1,EUROMILLIONS-1937,14,20,1,https://www.national-lottery.co.uk/results/euromillions/draw-details?drawNo=1937,2026-04-14T21:00:00+02:00,Europe/Paris,2026-04-14T19:00:00+00:00,Paris,FR,48.8566,2.3522,15.1,"1, 2, 4, 28, 44","5, 12",2026-04-14T19:00,0,verified,Open-Meteo,9/14/2026 9:43,v1.0.0,scheduled_time,verified_venue
1,EUROMILLIONS-1936,14,20,1,https://www.national-lottery.co.uk/results/euromillions/draw-details?drawNo=1936,2026-04-10T21:00:00+02:00,Europe/Paris,2026-04-10T19:00:00+00:00,Paris,FR,48.8566,2.3522,14.5,"10, 13, 14, 38, 41","6, 9",2026-04-10T19:00,0,verified,Open-Meteo,9/14/2026 9:43,v1.0.0,scheduled_time,verified_venue
1,EUROMILLIONS-1935,14,20,1,https://www.national-lottery.co.uk/results/euromillions/draw-details?drawNo=1935,2026-04-07T21:00:00+02:00,Europe/Paris,2026-04-07T19:00:00+00:00,Paris,FR,48.8566,2.3522,18,"11, 14, 19, 36, 49","6, 7",2026-04-07T19:00,0,verified,Open-Meteo,9/14/2026 9:43,v1.0.0,scheduled_time,verified_venue
1,EUROMILLIONS-1934,14,20,1,https://www.national-lottery.co.uk/results/euromillions/draw-details?drawNo=1934,2026-04-03T21:00:00+02:00,Europe/Paris,2026-04-03T19:00:00+00:00,Paris,FR,48.8566,2.3522,11.3,"8, 27, 29, 46, 49","2, 10",2026-04-03T19:00,0,verified,Open-Meteo,9/14/2026 9:43,v1.0.0,scheduled_time,verified_venue
1,EUROMILLIONS-1933,15,19,1,https://www.national-lottery.co.uk/results/euromillions/draw-details?drawNo=1933,2026-03-31T21:00:00+02:00,Europe/Paris,2026-03-31T19:00:00+00:00,Paris,FR,48.8566,2.3522,9.9,"5, 8, 10, 33, 38","2, 7",2026-03-31T19:00,0,verified,Open-Meteo,9/14/2026 9:43,v1.0.0,scheduled_time,verified_venue
1,EUROMILLIONS-1932,15,19,1,https://www.national-lottery.co.uk/results/euromillions/draw-details?drawNo=1932,2026-03-27T21:00:00+01:00,Europe/Paris,2026-03-27T20:00:00+00:00,Paris,FR,48.8566,2.3522,8.8,"4, 10, 43, 44, 48","2, 4",2026-03-27T20:00,0,verified,Open-Meteo,9/14/2026 9:43,v1.0.0,scheduled_time,verified_venue
1,EUROMILLIONS-1931,15,19,1,https://www.national-lottery.co.uk/results/euromillions/draw-details?drawNo=1931,2026-03-24T21:00:00+01:00,Europe/Paris,2026-03-24T20:00:00+00:00,Paris,FR,48.8566,2.3522,13.1,"12, 16, 17, 18, 27","1, 3",2026-03-24T20:00,0,verified,Open-Meteo,9/14/2026 9:43,v1.0.0,scheduled_time,verified_venue
1,EUROMILLIONS-1930,15,19,1,https://www.national-lottery.co.uk/results/euromillions/draw-details?drawNo=1930,2026-03-20T21:00:00+01:00,Europe/Paris,2026-03-20T20:00:00+00:00,Paris,FR,48.8566,2.3522,10.8,"5, 12, 16, 37, 46","8, 10",2026-03-20T20:00,0,verified,Open-Meteo,9/14/2026 9:43,v1.0.0,scheduled_time,verified_venue
3,SET-FOR-LIFE-778,Excalibur4,SFL9,,https://www.national-lottery.co.uk/results/set-for-life/draw-details?drawNo=778,,,,,,,,,"1, 24, 28, 31, 47",3,,,,,9/14/2026 9:51,v1.0.0,scheduled_time,verified_venue
3,SET-FOR-LIFE-777,Excalibur4,SFL9,,https://www.national-lottery.co.uk/results/set-for-life/draw-details?drawNo=777,,,,,,,,,"11, 19, 28, 38, 43",9,,,,,9/14/2026 9:51,v1.0.0,scheduled_time,verified_venue
3,SET-FOR-LIFE-776,Excalibur4,SFL7,,https://www.national-lottery.co.uk/results/set-for-life/draw-details?drawNo=776,,,,,,,,,"6, 9, 29, 32, 47",9,,,,,9/14/2026 9:51,v1.0.0,scheduled_time,verified_venue
3,SET-FOR-LIFE-775,Excalibur4,SFL7,,https://www.national-lottery.co.uk/results/set-for-life/draw-details?drawNo=775,,,,,,,,,"13, 14, 23, 33, 36",10,,,,,9/14/2026 9:51,v1.0.0,scheduled_time,verified_venue
3,SET-FOR-LIFE-774,Excalibur6,SFL9,,https://www.national-lottery.co.uk/results/set-for-life/draw-details?drawNo=774,,,,,,,,,"4, 5, 10, 12, 36",8,,,,,9/14/2026 9:51,v1.0.0,scheduled_time,verified_venue
3,SET-FOR-LIFE-773,Excalibur6,SFL9,,https://www.national-lottery.co.uk/results/set-for-life/draw-details?drawNo=773,,,,,,,,,"1, 14, 30, 34, 46",3,,,,,9/14/2026 9:51,v1.0.0,scheduled_time,verified_venue
3,SET-FOR-LIFE-772,Excalibur6,SFL7,,https://www.national-lottery.co.uk/results/set-for-life/draw-details?drawNo=772,,,,,,,,,"3, 4, 5, 18, 37",6,,,,,9/14/2026 9:51,v1.0.0,scheduled_time,verified_venue
3,SET-FOR-LIFE-771,Excalibur,SFL7,,https://www.national-lottery.co.uk/results/set-for-life/draw-details?drawNo=771,,,,,,,,,"12, 20, 21, 24, 41",6,,,,,9/14/2026 9:51,v1.0.0,scheduled_time,verified_venue
3,SET-FOR-LIFE-770,Excalibur5,SFL6,2,https://www.national-lottery.co.uk/results/set-for-life/draw-details?drawNo=770,2026-07-30T20:00:00+01:00,Europe/London,2026-07-30T19:00:00+00:00,London,GB,51.5074,-0.1278,24.4,"1, 4, 13, 24, 45",5,2026-07-30T19:00,0,verified,Open-Meteo,9/14/2026 9:51,v1.0.0,scheduled_time,verified_venue
3,SET-FOR-LIFE-769,Excalibur5,SFL6,2,https://www.national-lottery.co.uk/results/set-for-life/draw-details?drawNo=769,2026-07-27T20:00:00+01:00,Europe/London,2026-07-27T19:00:00+00:00,London,GB,51.5074,-0.1278,25.1,"6, 14, 15, 34, 39",2,2026-07-27T19:00,0,verified,Open-Meteo,9/14/2026 9:51,v1.0.0,scheduled_time,verified_venue
3,SET-FOR-LIFE-768,Excalibur5,SFL5,2,https://www.national-lottery.co.uk/results/set-for-life/draw-details?drawNo=768,2026-07-23T20:00:00+01:00,Europe/London,2026-07-23T19:00:00+00:00,London,GB,51.5074,-0.1278,25.7,"2, 6, 10, 18, 30",8,2026-07-23T19:00,0,verified,Open-Meteo,9/14/2026 9:51,v1.0.0,scheduled_time,verified_venue
3,SET-FOR-LIFE-767,Excalibur5,SFL5,2,https://www.national-lottery.co.uk/results/set-for-life/draw-details?drawNo=767,2026-07-20T20:00:00+01:00,Europe/London,2026-07-20T19:00:00+00:00,London,GB,51.5074,-0.1278,23.6,"1, 13, 20, 35, 39",10,2026-07-20T19:00,0,verified,Open-Meteo,9/14/2026 9:51,v1.0.0,scheduled_time,verified_venue
3,SET-FOR-LIFE-766,Excalibur4,SFL4,2,https://www.national-lottery.co.uk/results/set-for-life/draw-details?drawNo=766,2026-07-16T20:00:00+01:00,Europe/London,2026-07-16T19:00:00+00:00,London,GB,51.5074,-0.1278,23.8,"5, 13, 24, 33, 40",10,2026-07-16T19:00,0,verified,Open-Meteo,9/14/2026 9:51,v1.0.0,scheduled_time,verified_venue
3,SET-FOR-LIFE-765,Excalibur4,SFL4,2,https://www.national-lottery.co.uk/results/set-for-life/draw-details?drawNo=765,2026-07-13T20:00:00+01:00,Europe/London,2026-07-13T19:00:00+00:00,London,GB,51.5074,-0.1278,23.6,"1, 19, 40, 43, 46",4,2026-07-13T19:00,0,verified,Open-Meteo,9/14/2026 9:51,v1.0.0,scheduled_time,verified_venue
3,SET-FOR-LIFE-764,Excalibur4,SFL3,2,https://www.national-lottery.co.uk/results/set-for-life/draw-details?drawNo=764,2026-07-09T20:00:00+01:00,Europe/London,2026-07-09T19:00:00+00:00,London,GB,51.5074,-0.1278,31.1,"7, 35, 40, 46, 47",10,2026-07-09T19:00,0,verified,Open-Meteo,9/14/2026 9:51,v1.0.0,scheduled_time,verified_venue
3,SET-FOR-LIFE-763,Excalibur4,SFL3,2,https://www.national-lottery.co.uk/results/set-for-life/draw-details?drawNo=763,2026-07-06T20:00:00+01:00,Europe/London,2026-07-06T19:00:00+00:00,London,GB,51.5074,-0.1278,28.6,"3, 4, 15, 26, 45",7,2026-07-06T19:00,0,verified,Open-Meteo,9/14/2026 9:51,v1.0.0,scheduled_time,verified_venue
3,SET-FOR-LIFE-762,Excalibur6,SFL6,2,https://www.national-lottery.co.uk/results/set-for-life/draw-details?drawNo=762,2026-07-02T20:00:00+01:00,Europe/London,2026-07-02T19:00:00+00:00,London,GB,51.5074,-0.1278,22.9,"16, 22, 23, 25, 30",6,2026-07-02T19:00,0,verified,Open-Meteo,9/14/2026 9:51,v1.0.0,scheduled_time,verified_venue
3,SET-FOR-LIFE-761,Excalibur6,SFL6,2,https://www.national-lottery.co.uk/results/set-for-life/draw-details?drawNo=761,2026-06-29T20:00:00+01:00,Europe/London,2026-06-29T19:00:00+00:00,London,GB,51.5074,-0.1278,22.3,"10, 19, 30, 33, 36",3,2026-06-29T19:00,0,verified,Open-Meteo,9/14/2026 9:51,v1.0.0,scheduled_time,verified_venue
3,SET-FOR-LIFE-760,Excalibur6,SFL5,2,https://www.national-lottery.co.uk/results/set-for-life/draw-details?drawNo=760,2026-06-25T20:00:00+01:00,Europe/London,2026-06-25T19:00:00+00:00,London,GB,51.5074,-0.1278,27.3,"1, 9, 26, 28, 45",3,2026-06-25T19:00,0,verified,Open-Meteo,9/14/2026 9:51,v1.0.0,scheduled_time,verified_venue
3,SET-FOR-LIFE-759,Excalibur6,SFL5,2,https://www.national-lottery.co.uk/results/set-for-life/draw-details?drawNo=759,2026-06-22T20:00:00+01:00,Europe/London,2026-06-22T19:00:00+00:00,London,GB,51.5074,-0.1278,23.9,"1, 16, 32, 34, 38",5,2026-06-22T19:00,0,verified,Open-Meteo,9/14/2026 9:51,v1.0.0,scheduled_time,verified_venue
3,SET-FOR-LIFE-758,Excalibur5,SFL4,2,https://www.national-lottery.co.uk/results/set-for-life/draw-details?drawNo=758,2026-06-18T20:00:00+01:00,Europe/London,2026-06-18T19:00:00+00:00,London,GB,51.5074,-0.1278,23.6,"11, 20, 23, 24, 27",5,2026-06-18T19:00,0,verified,Open-Meteo,9/14/2026 9:51,v1.0.0,scheduled_time,verified_venue
3,SET-FOR-LIFE-757,Excalibur5,SFL4,2,https://www.national-lottery.co.uk/results/set-for-life/draw-details?drawNo=757,2026-06-15T20:00:00+01:00,Europe/London,2026-06-15T19:00:00+00:00,London,GB,51.5074,-0.1278,20.6,"7, 8, 14, 17, 20",2,2026-06-15T19:00,0,verified,Open-Meteo,9/14/2026 9:51,v1.0.0,scheduled_time,verified_venue
3,SET-FOR-LIFE-756,Excalibur5,SFL3,2,https://www.national-lottery.co.uk/results/set-for-life/draw-details?drawNo=756,2026-06-11T20:00:00+01:00,Europe/London,2026-06-11T19:00:00+00:00,London,GB,51.5074,-0.1278,16.9,"12, 16, 32, 33, 41",2,2026-06-11T19:00,0,verified,Open-Meteo,9/14/2026 9:51,v1.0.0,scheduled_time,verified_venue
3,SET-FOR-LIFE-755,Excalibur5,SFL3,2,https://www.national-lottery.co.uk/results/set-for-life/draw-details?drawNo=755,2026-06-08T20:00:00+01:00,Europe/London,2026-06-08T19:00:00+00:00,London,GB,51.5074,-0.1278,15.4,"1, 14, 20, 23, 42",8,2026-06-08T19:00,0,verified,Open-Meteo,9/14/2026 9:51,v1.0.0,scheduled_time,verified_venue
3,SET-FOR-LIFE-754,Excalibur1,SFL1,2,https://www.national-lottery.co.uk/results/set-for-life/draw-details?drawNo=754,2026-06-04T20:00:00+01:00,Europe/London,2026-06-04T19:00:00+00:00,London,GB,51.5074,-0.1278,16.2,"4, 8, 26, 32, 46",8,2026-06-04T19:00,0,verified,Open-Meteo,9/14/2026 9:51,v1.0.0,scheduled_time,verified_venue
3,SET-FOR-LIFE-753,Excalibur4,SFL6,2,https://www.national-lottery.co.uk/results/set-for-life/draw-details?drawNo=753,2026-06-01T20:00:00+01:00,Europe/London,2026-06-01T19:00:00+00:00,London,GB,51.5074,-0.1278,17.4,"8, 12, 33, 35, 45",1,2026-06-01T19:00,0,verified,Open-Meteo,9/14/2026 9:51,v1.0.0,scheduled_time,verified_venue
3,SET-FOR-LIFE-752,Excalibur4,SFL5,2,https://www.national-lottery.co.uk/results/set-for-life/draw-details?drawNo=752,2026-05-28T20:00:00+01:00,Europe/London,2026-05-28T19:00:00+00:00,London,GB,51.5074,-0.1278,27.8,"6, 10, 11, 19, 30",5,2026-05-28T19:00,0,verified,Open-Meteo,9/14/2026 9:51,v1.0.0,scheduled_time,verified_venue
3,SET-FOR-LIFE-751,Excalibur4,SFL5,2,https://www.national-lottery.co.uk/results/set-for-life/draw-details?drawNo=751,2026-05-25T20:00:00+01:00,Europe/London,2026-05-25T19:00:00+00:00,London,GB,51.5074,-0.1278,30.7,"3, 14, 21, 28, 44",4,2026-05-25T19:00,0,verified,Open-Meteo,9/14/2026 9:51,v1.0.0,scheduled_time,verified_venue
3,SET-FOR-LIFE-750,Excalibur6,SFL4,2,https://www.national-lottery.co.uk/results/set-for-life/draw-details?drawNo=750,2026-05-21T20:00:00+01:00,Europe/London,2026-05-21T19:00:00+00:00,London,GB,51.5074,-0.1278,20.4,"1, 12, 27, 39, 45",4,2026-05-21T19:00,0,verified,Open-Meteo,9/14/2026 9:51,v1.0.0,scheduled_time,verified_venue
3,SET-FOR-LIFE-749,Excalibur6,SFL4,2,https://www.national-lottery.co.uk/results/set-for-life/draw-details?drawNo=749,2026-05-18T20:00:00+01:00,Europe/London,2026-05-18T19:00:00+00:00,London,GB,51.5074,-0.1278,12.3,"3, 21, 22, 28, 38",10,2026-05-18T19:00,0,verified,Open-Meteo,9/14/2026 9:51,v1.0.0,scheduled_time,verified_venue
3,SET-FOR-LIFE-748,Excalibur6,SFL3,2,https://www.national-lottery.co.uk/results/set-for-life/draw-details?drawNo=748,2026-05-14T20:00:00+01:00,Europe/London,2026-05-14T19:00:00+00:00,London,GB,51.5074,-0.1278,10,"15, 36, 39, 41, 43",8,2026-05-14T19:00,0,verified,Open-Meteo,9/14/2026 9:51,v1.0.0,scheduled_time,verified_venue
3,SET-FOR-LIFE-747,Excalibur6,SFL3,2,https://www.national-lottery.co.uk/results/set-for-life/draw-details?drawNo=747,2026-05-11T20:00:00+01:00,Europe/London,2026-05-11T19:00:00+00:00,London,GB,51.5074,-0.1278,10.8,"13, 14, 23, 24, 39",9,2026-05-11T19:00,0,verified,Open-Meteo,9/14/2026 9:51,v1.0.0,scheduled_time,verified_venue
3,SET-FOR-LIFE-746,Excalibur5,SFL6,2,https://www.national-lottery.co.uk/results/set-for-life/draw-details?drawNo=746,2026-05-07T20:00:00+01:00,Europe/London,2026-05-07T19:00:00+00:00,London,GB,51.5074,-0.1278,12.5,"8, 13, 26, 34, 45",8,2026-05-07T19:00,0,verified,Open-Meteo,9/14/2026 9:51,v1.0.0,scheduled_time,verified_venue
3,SET-FOR-LIFE-745,Excalibur5,SFL6,2,https://www.national-lottery.co.uk/results/set-for-life/draw-details?drawNo=745,2026-05-04T20:00:00+01:00,Europe/London,2026-05-04T19:00:00+00:00,London,GB,51.5074,-0.1278,14.7,"8, 19, 24, 43, 46",4,2026-05-04T19:00,0,verified,Open-Meteo,9/14/2026 9:51,v1.0.0,scheduled_time,verified_venue
3,SET-FOR-LIFE-744,Excalibur5,SFL5,2,https://www.national-lottery.co.uk/results/set-for-life/draw-details?drawNo=744,2026-04-30T20:00:00+01:00,Europe/London,2026-04-30T19:00:00+00:00,London,GB,51.5074,-0.1278,17.5,"2, 6, 13, 27, 38",10,2026-04-30T19:00,0,verified,Open-Meteo,9/14/2026 9:51,v1.0.0,scheduled_time,verified_venue
3,SET-FOR-LIFE-743,Excalibur5,SFL5,2,https://www.national-lottery.co.uk/results/set-for-life/draw-details?drawNo=743,2026-04-27T20:00:00+01:00,Europe/London,2026-04-27T19:00:00+00:00,London,GB,51.5074,-0.1278,18.2,"6, 13, 37, 42, 43",10,2026-04-27T19:00,0,verified,Open-Meteo,9/14/2026 9:51,v1.0.0,scheduled_time,verified_venue
3,SET-FOR-LIFE-742,Excalibur4,SFL4,2,https://www.national-lottery.co.uk/results/set-for-life/draw-details?drawNo=742,2026-04-23T20:00:00+01:00,Europe/London,2026-04-23T19:00:00+00:00,London,GB,51.5074,-0.1278,12.7,"8, 14, 20, 23, 32",1,2026-04-23T19:00,0,verified,Open-Meteo,9/14/2026 9:51,v1.0.0,scheduled_time,verified_venue
3,SET-FOR-LIFE-741,Excalibur4,SFL4,2,https://www.national-lottery.co.uk/results/set-for-life/draw-details?drawNo=741,2026-04-20T20:00:00+01:00,Europe/London,2026-04-20T19:00:00+00:00,London,GB,51.5074,-0.1278,12,"16, 17, 27, 45, 46",5,2026-04-20T19:00,0,verified,Open-Meteo,9/14/2026 9:51,v1.0.0,scheduled_time,verified_venue
3,SET-FOR-LIFE-740,Excalibur4,SFL3,2,https://www.national-lottery.co.uk/results/set-for-life/draw-details?drawNo=740,2026-04-16T20:00:00+01:00,Europe/London,2026-04-16T19:00:00+00:00,London,GB,51.5074,-0.1278,14.2,"3, 5, 7, 32, 38",4,2026-04-16T19:00,0,verified,Open-Meteo,9/14/2026 9:51,v1.0.0,scheduled_time,verified_venue
3,SET-FOR-LIFE-739,Excalibur4,SFL3,2,https://www.national-lottery.co.uk/results/set-for-life/draw-details?drawNo=739,2026-04-13T20:00:00+01:00,Europe/London,2026-04-13T19:00:00+00:00,London,GB,51.5074,-0.1278,10.5,"12, 13, 19, 25, 44",4,2026-04-13T19:00,0,verified,Open-Meteo,9/14/2026 9:51,v1.0.0,scheduled_time,verified_venue
3,SET-FOR-LIFE-738,Excalibur6,SFL6,2,https://www.national-lottery.co.uk/results/set-for-life/draw-details?drawNo=738,2026-04-09T20:00:00+01:00,Europe/London,2026-04-09T19:00:00+00:00,London,GB,51.5074,-0.1278,12.6,"16, 17, 30, 45, 46",7,2026-04-09T19:00,0,verified,Open-Meteo,9/14/2026 9:51,v1.0.0,scheduled_time,verified_venue
3,SET-FOR-LIFE-737,Excalibur6,SFL6,2,https://www.national-lottery.co.uk/results/set-for-life/draw-details?drawNo=737,2026-04-06T20:00:00+01:00,Europe/London,2026-04-06T19:00:00+00:00,London,GB,51.5074,-0.1278,12.5,"1, 2, 11, 26, 37",4,2026-04-06T19:00,0,verified,Open-Meteo,9/14/2026 9:51,v1.0.0,scheduled_time,verified_venue
3,SET-FOR-LIFE-736,Excalibur6,SFL5,2,https://www.national-lottery.co.uk/results/set-for-life/draw-details?drawNo=736,2026-04-02T20:00:00+01:00,Europe/London,2026-04-02T19:00:00+00:00,London,GB,51.5074,-0.1278,9.5,"2, 3, 8, 27, 39",7,2026-04-02T19:00,0,verified,Open-Meteo,9/14/2026 9:51,v1.0.0,scheduled_time,verified_venue
3,SET-FOR-LIFE-735,Excalibur6,SFL5,2,https://www.national-lottery.co.uk/results/set-for-life/draw-details?drawNo=735,2026-03-30T20:00:00+01:00,Europe/London,2026-03-30T19:00:00+00:00,London,GB,51.5074,-0.1278,9.4,"5, 16, 36, 37, 47",9,2026-03-30T19:00,0,verified,Open-Meteo,9/14/2026 9:51,v1.0.0,scheduled_time,verified_venue
3,SET-FOR-LIFE-734,Excalibur5,SFL4,2,https://www.national-lottery.co.uk/results/set-for-life/draw-details?drawNo=734,2026-03-26T20:00:00+00:00,Europe/London,2026-03-26T20:00:00+00:00,London,GB,51.5074,-0.1278,7.2,"14, 17, 26, 31, 37",4,2026-03-26T20:00,0,verified,Open-Meteo,9/14/2026 9:51,v1.0.0,scheduled_time,verified_venue
3,SET-FOR-LIFE-733,Excalibur5,SFL4,2,https://www.national-lottery.co.uk/results/set-for-life/draw-details?drawNo=733,2026-03-23T20:00:00+00:00,Europe/London,2026-03-23T20:00:00+00:00,London,GB,51.5074,-0.1278,10.6,"2, 11, 14, 21, 34",10,2026-03-23T20:00,0,verified,Open-Meteo,9/14/2026 9:51,v1.0.0,scheduled_time,verified_venue
3,SET-FOR-LIFE-732,Excalibur5,SFL3,2,https://www.national-lottery.co.uk/results/set-for-life/draw-details?drawNo=732,2026-03-19T20:00:00+00:00,Europe/London,2026-03-19T20:00:00+00:00,London,GB,51.5074,-0.1278,10.4,"15, 17, 26, 32, 37",7,2026-03-19T20:00,0,verified,Open-Meteo,9/14/2026 9:51,v1.0.0,scheduled_time,verified_venue
